datetime,Rainfall,Source
9/23/24 0:00,0.00,"IMERG - Johnson City, TN"
9/23/24 1:00,0.00,"IMERG - Johnson City, TN"
9/23/24 2:00,0.00,"IMERG - Johnson City, TN"
9/23/24 3:00,0.00,"IMERG - Johnson City, TN"
9/23/24 4:00,0.00,"IMERG - Johnson City, TN"
9/23/24 5:00,0.00,"IMERG - Johnson City, TN"
9/23/24 6:00,0.00,"IMERG - Johnson City, TN"
9/23/24 7:00,0.00,"IMERG - Johnson City, TN"
9/23/24 8:00,0.00,"IMERG - Johnson City, TN"
9/23/24 9:00,0.00,"IMERG - Johnson City, TN"
9/23/24 10:00,0.00,"IMERG - Johnson City, TN"
9/23/24 11:00,0.00,"IMERG - Johnson City, TN"
9/23/24 12:00,0.00,"IMERG - Johnson City, TN"
9/23/24 13:00,0.00,"IMERG - Johnson City, TN"
9/23/24 14:00,0.00,"IMERG - Johnson City, TN"
9/23/24 15:00,0.00,"IMERG - Johnson City, TN"
9/23/24 16:00,0.00,"IMERG - Johnson City, TN"
9/23/24 17:00,0.00,"IMERG - Johnson City, TN"
9/23/24 18:00,0.00,"IMERG - Johnson City, TN"
9/23/24 19:00,0.00,"IMERG - Johnson City, TN"
9/23/24 20:00,0.01,"IMERG - Johnson City, TN"
9/23/24 21:00,0.07,"IMERG - Johnson City, TN"
9/23/24 22:00,0.12559054874059725,"IMERG - Johnson City, TN"
9/23/24 23:00,0.12559054874059725,"IMERG - Johnson City, TN"
9/24/24 0:00,0.12559054874059725,"IMERG - Johnson City, TN"
9/24/24 1:00,0.12559054874059725,"IMERG - Johnson City, TN"
9/24/24 2:00,0.12559054874059725,"IMERG - Johnson City, TN"
9/24/24 3:00,0.1311023597876857,"IMERG - Johnson City, TN"
9/24/24 4:00,0.1311023597876857,"IMERG - Johnson City, TN"
9/24/24 5:00,0.1311023597876857,"IMERG - Johnson City, TN"
9/24/24 6:00,0.20472440369955203,"IMERG - Johnson City, TN"
9/24/24 7:00,0.2377952688087629,"IMERG - Johnson City, TN"
9/24/24 8:00,0.2610236142329344,"IMERG - Johnson City, TN"
9/24/24 9:00,0.2610236142329344,"IMERG - Johnson City, TN"
9/24/24 10:00,0.2610236142329344,"IMERG - Johnson City, TN"
9/24/24 11:00,0.2610236142329344,"IMERG - Johnson City, TN"
9/24/24 12:00,0.2610236142329344,"IMERG - Johnson City, TN"
9/24/24 13:00,0.2610236142329344,"IMERG - Johnson City, TN"
9/24/24 14:00,0.2610236142329344,"IMERG - Johnson City, TN"
9/24/24 15:00,0.2610236142329344,"IMERG - Johnson City, TN"
9/24/24 16:00,0.2610236142329344,"IMERG - Johnson City, TN"
9/24/24 17:00,0.2610236142329344,"IMERG - Johnson City, TN"
9/24/24 18:00,0.29685038457235957,"IMERG - Johnson City, TN"
9/24/24 19:00,0.3102362114848115,"IMERG - Johnson City, TN"
9/24/24 20:00,0.3196850301712517,"IMERG - Johnson City, TN"
9/24/24 21:00,0.3196850301712517,"IMERG - Johnson City, TN"
9/24/24 22:00,0.32952754985629107,"IMERG - Johnson City, TN"
9/24/24 23:00,0.32952754985629107,"IMERG - Johnson City, TN"
9/25/24 0:00,0.3999999892993237,"IMERG - Johnson City, TN"
9/25/24 1:00,0.42795274436004527,"IMERG - Johnson City, TN"
9/25/24 2:00,0.49724408022062055,"IMERG - Johnson City, TN"
9/25/24 3:00,0.6669291126446462,"IMERG - Johnson City, TN"
9/25/24 4:00,0.9992125794643494,"IMERG - Johnson City, TN"
9/25/24 5:00,1.0976377763147431,"IMERG - Johnson City, TN"
9/25/24 6:00,1.2251968318083157,"IMERG - Johnson City, TN"
9/25/24 7:00,1.2358267523172335,"IMERG - Johnson City, TN"
9/25/24 8:00,1.2358267523172335,"IMERG - Johnson City, TN"
9/25/24 9:00,1.2358267523172335,"IMERG - Johnson City, TN"
9/25/24 10:00,1.2468503744114103,"IMERG - Johnson City, TN"
9/25/24 11:00,1.2468503744114103,"IMERG - Johnson City, TN"
9/25/24 12:00,1.2468503744114103,"IMERG - Johnson City, TN"
9/25/24 13:00,1.2944881664955712,"IMERG - Johnson City, TN"
9/25/24 14:00,1.2944881664955712,"IMERG - Johnson City, TN"
9/25/24 15:00,1.3381889544603396,"IMERG - Johnson City, TN"
9/25/24 16:00,1.3551180874268842,"IMERG - Johnson City, TN"
9/25/24 17:00,1.5153542958845305,"IMERG - Johnson City, TN"
9/25/24 18:00,1.5527558702183522,"IMERG - Johnson City, TN"
9/25/24 19:00,1.5527558702183522,"IMERG - Johnson City, TN"
9/25/24 20:00,1.6133857899763453,"IMERG - Johnson City, TN"
9/25/24 21:00,1.8700787026112475,"IMERG - Johnson City, TN"
9/25/24 22:00,2.301574767105223,"IMERG - Johnson City, TN"
9/25/24 23:00,3.003543249265416,"IMERG - Johnson City, TN"
9/26/24 0:00,3.5271652852456405,"IMERG - Johnson City, TN"
9/26/24 1:00,3.758661333970198,"IMERG - Johnson City, TN"
9/26/24 2:00,4.033464484327422,"IMERG - Johnson City, TN"
9/26/24 3:00,4.25,"IMERG - Johnson City, TN"
9/26/24 4:00,4.265747944435736,"IMERG - Johnson City, TN"
9/26/24 5:00,4.419684946302354,"IMERG - Johnson City, TN"
9/26/24 6:00,4.687795180270053,"IMERG - Johnson City, TN"
9/26/24 7:00,5.0389762762493975,"IMERG - Johnson City, TN"
9/26/24 8:00,5.591732180259359,"IMERG - Johnson City, TN"
9/26/24 9:00,5.914960518831343,"IMERG - Johnson City, TN"
9/26/24 10:00,6.248818787298803,"IMERG - Johnson City, TN"
9/26/24 11:00,6.499212483956119,"IMERG - Johnson City, TN"
9/26/24 12:00,6.66,"IMERG - Johnson City, TN"
9/26/24 13:00,6.858267592867528,"IMERG - Johnson City, TN"
9/26/24 14:00,7.129921130542679,"IMERG - Johnson City, TN"
9/26/24 15:00,7.35,"IMERG - Johnson City, TN"
9/26/24 16:00,7.433070729332646,"IMERG - Johnson City, TN"
9/26/24 17:00,7.514566789696535,"IMERG - Johnson City, TN"
9/26/24 18:00,7.796456547468666,"IMERG - Johnson City, TN"
9/26/24 19:00,8.360629772811423,"IMERG - Johnson City, TN"
9/26/24 20:00,8.77,"IMERG - Johnson City, TN"
9/26/24 21:00,9.300787248245374,"IMERG - Johnson City, TN"
9/26/24 22:00,9.520078579506537,"IMERG - Johnson City, TN"
9/26/24 23:00,9.890551014444021,"IMERG - Johnson City, TN"
9/27/24 0:00,10.030314787400991,"IMERG - Johnson City, TN"
9/27/24 1:00,10.17362186875869,"IMERG - Johnson City, TN"
9/27/24 2:00,10.25551163188116,"IMERG - Johnson City, TN"
9/27/24 3:00,10.358661238368102,"IMERG - Johnson City, TN"
9/27/24 4:00,10.554724231245011,"IMERG - Johnson City, TN"
9/27/24 5:00,10.74212579628614,"IMERG - Johnson City, TN"
9/27/24 6:00,11.068110037741699,"IMERG - Johnson City, TN"
9/27/24 7:00,11.364566729528697,"IMERG - Johnson City, TN"
9/27/24 8:00,11.489763580203995,"IMERG - Johnson City, TN"
9/27/24 9:00,11.53976357710643,"IMERG - Johnson City, TN"
9/27/24 10:00,11.921259623578216,"IMERG - Johnson City, TN"
9/27/24 11:00,12.160235989516178,"IMERG - Johnson City, TN"
9/27/24 12:00,12.30236196963806,"IMERG - Johnson City, TN"
9/27/24 13:00,12.553543067119254,"IMERG - Johnson City, TN"
9/27/24 14:00,12.996850143971407,"IMERG - Johnson City, TN"
9/27/24 15:00,13.266535179586864,"IMERG - Johnson City, TN"
9/27/24 16:00,13.276377699271903,"IMERG - Johnson City, TN"
9/27/24 17:00,13.276377699271903,"IMERG - Johnson City, TN"
9/27/24 18:00,13.276377699271903,"IMERG - Johnson City, TN"
9/27/24 19:00,13.276377699271903,"IMERG - Johnson City, TN"
9/27/24 20:00,13.276377699271903,"IMERG - Johnson City, TN"
9/27/24 21:00,13.276377699271903,"IMERG - Johnson City, TN"
9/27/24 22:00,13.276377699271903,"IMERG - Johnson City, TN"
9/27/24 23:00,13.276377699271903,"IMERG - Johnson City, TN"
9/28/24 0:00,13.276377699271903,"IMERG - Johnson City, TN"
9/28/24 1:00,13.276377699271903,"IMERG - Johnson City, TN"
9/28/24 2:00,13.276377699271903,"IMERG - Johnson City, TN"
9/28/24 3:00,13.276377699271903,"IMERG - Johnson City, TN"
9/28/24 4:00,13.276377699271903,"IMERG - Johnson City, TN"
9/28/24 5:00,13.276377699271903,"IMERG - Johnson City, TN"
9/28/24 6:00,13.276377699271903,"IMERG - Johnson City, TN"
9/28/24 7:00,13.276377699271903,"IMERG - Johnson City, TN"
9/28/24 8:00,13.276377699271903,"IMERG - Johnson City, TN"
9/28/24 9:00,13.276377699271903,"IMERG - Johnson City, TN"
9/28/24 10:00,13.276377699271903,"IMERG - Johnson City, TN"
9/28/24 11:00,13.276377699271903,"IMERG - Johnson City, TN"
9/28/24 12:00,13.276377699271903,"IMERG - Johnson City, TN"
9/28/24 13:00,13.276377699271903,"IMERG - Johnson City, TN"
9/28/24 14:00,13.276377699271903,"IMERG - Johnson City, TN"
9/28/24 15:00,13.276377699271903,"IMERG - Johnson City, TN"
9/28/24 16:00,13.276377699271903,"IMERG - Johnson City, TN"
9/28/24 17:00,13.276377699271903,"IMERG - Johnson City, TN"
9/28/24 18:00,13.276377699271903,"IMERG - Johnson City, TN"
9/28/24 19:00,13.276377699271903,"IMERG - Johnson City, TN"
9/28/24 20:00,13.276377699271903,"IMERG - Johnson City, TN"
9/28/24 21:00,13.276377699271903,"IMERG - Johnson City, TN"
9/28/24 22:00,13.276377699271903,"IMERG - Johnson City, TN"
9/28/24 23:00,13.276377699271903,"IMERG - Johnson City, TN"
9/29/24 0:00,13.276377699271903,"IMERG - Johnson City, TN"
9/23/24 0:00,0.00,ASOS - Asheville Regional Airport (NC)
9/23/24 1:00,0.00,ASOS - Asheville Regional Airport (NC)
9/23/24 2:00,0.00,ASOS - Asheville Regional Airport (NC)
9/23/24 3:00,0.00,ASOS - Asheville Regional Airport (NC)
9/23/24 4:00,0.00,ASOS - Asheville Regional Airport (NC)
9/23/24 5:00,0.00,ASOS - Asheville Regional Airport (NC)
9/23/24 6:00,0.00,ASOS - Asheville Regional Airport (NC)
9/23/24 7:00,0.00,ASOS - Asheville Regional Airport (NC)
9/23/24 8:00,0.00,ASOS - Asheville Regional Airport (NC)
9/23/24 9:00,0.00,ASOS - Asheville Regional Airport (NC)
9/23/24 10:00,0.00,ASOS - Asheville Regional Airport (NC)
9/23/24 11:00,0.00,ASOS - Asheville Regional Airport (NC)
9/23/24 12:00,0.00,ASOS - Asheville Regional Airport (NC)
9/23/24 13:00,0.00,ASOS - Asheville Regional Airport (NC)
9/23/24 14:00,0.00,ASOS - Asheville Regional Airport (NC)
9/23/24 15:00,0.00,ASOS - Asheville Regional Airport (NC)
9/23/24 16:00,0.00,ASOS - Asheville Regional Airport (NC)
9/23/24 17:00,0.00,ASOS - Asheville Regional Airport (NC)
9/23/24 18:00,0.00,ASOS - Asheville Regional Airport (NC)
9/23/24 19:00,0.00,ASOS - Asheville Regional Airport (NC)
9/23/24 20:00,0.00,ASOS - Asheville Regional Airport (NC)
9/23/24 21:00,0.00,ASOS - Asheville Regional Airport (NC)
9/23/24 22:00,0.06,ASOS - Asheville Regional Airport (NC)
9/23/24 23:00,0.10,ASOS - Asheville Regional Airport (NC)
9/24/24 0:00,0.10,ASOS - Asheville Regional Airport (NC)
9/24/24 1:00,0.10,ASOS - Asheville Regional Airport (NC)
9/24/24 2:00,0.10,ASOS - Asheville Regional Airport (NC)
9/24/24 3:00,0.10,ASOS - Asheville Regional Airport (NC)
9/24/24 4:00,0.10,ASOS - Asheville Regional Airport (NC)
9/24/24 5:00,0.10,ASOS - Asheville Regional Airport (NC)
9/24/24 6:00,0.10,ASOS - Asheville Regional Airport (NC)
9/24/24 7:00,0.10,ASOS - Asheville Regional Airport (NC)
9/24/24 8:00,0.11,ASOS - Asheville Regional Airport (NC)
9/24/24 9:00,0.11,ASOS - Asheville Regional Airport (NC)
9/24/24 10:00,0.11,ASOS - Asheville Regional Airport (NC)
9/24/24 11:00,0.11,ASOS - Asheville Regional Airport (NC)
9/24/24 12:00,0.11,ASOS - Asheville Regional Airport (NC)
9/24/24 13:00,0.11,ASOS - Asheville Regional Airport (NC)
9/24/24 14:00,0.11,ASOS - Asheville Regional Airport (NC)
9/24/24 15:00,0.11,ASOS - Asheville Regional Airport (NC)
9/24/24 16:00,0.11,ASOS - Asheville Regional Airport (NC)
9/24/24 17:00,0.11,ASOS - Asheville Regional Airport (NC)
9/24/24 18:00,0.11,ASOS - Asheville Regional Airport (NC)
9/24/24 19:00,0.21,ASOS - Asheville Regional Airport (NC)
9/24/24 20:00,0.22,ASOS - Asheville Regional Airport (NC)
9/24/24 21:00,0.22,ASOS - Asheville Regional Airport (NC)
9/24/24 22:00,0.22,ASOS - Asheville Regional Airport (NC)
9/24/24 23:00,0.22,ASOS - Asheville Regional Airport (NC)
9/25/24 0:00,0.24,ASOS - Asheville Regional Airport (NC)
9/25/24 1:00,0.24,ASOS - Asheville Regional Airport (NC)
9/25/24 2:00,0.24,ASOS - Asheville Regional Airport (NC)
9/25/24 3:00,0.24,ASOS - Asheville Regional Airport (NC)
9/25/24 4:00,0.29,ASOS - Asheville Regional Airport (NC)
9/25/24 5:00,0.31,ASOS - Asheville Regional Airport (NC)
9/25/24 6:00,0.44,ASOS - Asheville Regional Airport (NC)
9/25/24 7:00,0.44,ASOS - Asheville Regional Airport (NC)
9/25/24 8:00,0.44,ASOS - Asheville Regional Airport (NC)
9/25/24 9:00,0.44,ASOS - Asheville Regional Airport (NC)
9/25/24 10:00,0.44,ASOS - Asheville Regional Airport (NC)
9/25/24 11:00,0.44,ASOS - Asheville Regional Airport (NC)
9/25/24 12:00,0.44,ASOS - Asheville Regional Airport (NC)
9/25/24 13:00,0.44,ASOS - Asheville Regional Airport (NC)
9/25/24 14:00,0.44,ASOS - Asheville Regional Airport (NC)
9/25/24 15:00,0.44,ASOS - Asheville Regional Airport (NC)
9/25/24 16:00,0.44,ASOS - Asheville Regional Airport (NC)
9/25/24 17:00,0.44,ASOS - Asheville Regional Airport (NC)
9/25/24 18:00,0.44,ASOS - Asheville Regional Airport (NC)
9/25/24 19:00,0.44,ASOS - Asheville Regional Airport (NC)
9/25/24 20:00,0.44,ASOS - Asheville Regional Airport (NC)
9/25/24 21:00,0.65,ASOS - Asheville Regional Airport (NC)
9/25/24 22:00,0.75,ASOS - Asheville Regional Airport (NC)
9/25/24 23:00,2.44,ASOS - Asheville Regional Airport (NC)
9/26/24 0:00,2.96,ASOS - Asheville Regional Airport (NC)
9/26/24 1:00,3.17,ASOS - Asheville Regional Airport (NC)
9/26/24 2:00,3.65,ASOS - Asheville Regional Airport (NC)
9/26/24 3:00,4.02,ASOS - Asheville Regional Airport (NC)
9/26/24 4:00,4.13,ASOS - Asheville Regional Airport (NC)
9/26/24 5:00,4.40,ASOS - Asheville Regional Airport (NC)
9/26/24 6:00,4.90,ASOS - Asheville Regional Airport (NC)
9/26/24 7:00,5.65,ASOS - Asheville Regional Airport (NC)
9/26/24 8:00,5.89,ASOS - Asheville Regional Airport (NC)
9/26/24 9:00,6.29,ASOS - Asheville Regional Airport (NC)
9/26/24 10:00,6.81,ASOS - Asheville Regional Airport (NC)
9/26/24 11:00,7.31,ASOS - Asheville Regional Airport (NC)
9/26/24 12:00,7.58,ASOS - Asheville Regional Airport (NC)
9/26/24 13:00,7.99,ASOS - Asheville Regional Airport (NC)
9/26/24 14:00,8.12,ASOS - Asheville Regional Airport (NC)
9/26/24 15:00,8.24,ASOS - Asheville Regional Airport (NC)
9/26/24 16:00,8.29,ASOS - Asheville Regional Airport (NC)
9/26/24 17:00,8.33,ASOS - Asheville Regional Airport (NC)
9/26/24 18:00,8.42,ASOS - Asheville Regional Airport (NC)
9/26/24 19:00,8.53,ASOS - Asheville Regional Airport (NC)
9/26/24 20:00,8.81,ASOS - Asheville Regional Airport (NC)
9/26/24 21:00,8.96,ASOS - Asheville Regional Airport (NC)
9/26/24 22:00,9.07,ASOS - Asheville Regional Airport (NC)
9/26/24 23:00,9.13,ASOS - Asheville Regional Airport (NC)
9/27/24 0:00,9.19,ASOS - Asheville Regional Airport (NC)
9/27/24 1:00,9.26,ASOS - Asheville Regional Airport (NC)
9/27/24 2:00,9.46,ASOS - Asheville Regional Airport (NC)
9/27/24 3:00,9.81,ASOS - Asheville Regional Airport (NC)
9/27/24 4:00,10.04,ASOS - Asheville Regional Airport (NC)
9/27/24 5:00,10.17,ASOS - Asheville Regional Airport (NC)
9/27/24 6:00,10.40,ASOS - Asheville Regional Airport (NC)
9/27/24 7:00,10.68,ASOS - Asheville Regional Airport (NC)
9/27/24 8:00,10.91,ASOS - Asheville Regional Airport (NC)
9/27/24 9:00,11.26,ASOS - Asheville Regional Airport (NC)
9/27/24 10:00,11.60,ASOS - Asheville Regional Airport (NC)
9/27/24 11:00,12.17,ASOS - Asheville Regional Airport (NC)
9/27/24 12:00,12.27,ASOS - Asheville Regional Airport (NC)
9/27/24 13:00,12.27,ASOS - Asheville Regional Airport (NC)
9/27/24 14:00,12.27,ASOS - Asheville Regional Airport (NC)
9/27/24 15:00,12.27,ASOS - Asheville Regional Airport (NC)
9/27/24 16:00,12.27,ASOS - Asheville Regional Airport (NC)
9/27/24 17:00,12.27,ASOS - Asheville Regional Airport (NC)
9/27/24 18:00,12.27,ASOS - Asheville Regional Airport (NC)
9/27/24 19:00,12.27,ASOS - Asheville Regional Airport (NC)
9/27/24 20:00,12.27,ASOS - Asheville Regional Airport (NC)
9/27/24 21:00,12.27,ASOS - Asheville Regional Airport (NC)
9/27/24 22:00,12.27,ASOS - Asheville Regional Airport (NC)
9/27/24 23:00,12.27,ASOS - Asheville Regional Airport (NC)
9/28/24 0:00,12.27,ASOS - Asheville Regional Airport (NC)
9/28/24 1:00,12.27,ASOS - Asheville Regional Airport (NC)
9/28/24 2:00,12.27,ASOS - Asheville Regional Airport (NC)
9/28/24 3:00,12.27,ASOS - Asheville Regional Airport (NC)
9/28/24 4:00,12.27,ASOS - Asheville Regional Airport (NC)
9/28/24 5:00,12.27,ASOS - Asheville Regional Airport (NC)
9/28/24 6:00,12.27,ASOS - Asheville Regional Airport (NC)
9/28/24 7:00,12.27,ASOS - Asheville Regional Airport (NC)
9/28/24 8:00,12.27,ASOS - Asheville Regional Airport (NC)
9/28/24 9:00,12.27,ASOS - Asheville Regional Airport (NC)
9/28/24 10:00,12.27,ASOS - Asheville Regional Airport (NC)
9/28/24 11:00,12.27,ASOS - Asheville Regional Airport (NC)
9/28/24 12:00,12.27,ASOS - Asheville Regional Airport (NC)
9/28/24 13:00,12.27,ASOS - Asheville Regional Airport (NC)
9/28/24 14:00,12.27,ASOS - Asheville Regional Airport (NC)
9/28/24 15:00,12.27,ASOS - Asheville Regional Airport (NC)
9/28/24 16:00,12.27,ASOS - Asheville Regional Airport (NC)
9/28/24 17:00,12.27,ASOS - Asheville Regional Airport (NC)
9/28/24 18:00,12.27,ASOS - Asheville Regional Airport (NC)
9/28/24 19:00,12.27,ASOS - Asheville Regional Airport (NC)
9/28/24 20:00,12.27,ASOS - Asheville Regional Airport (NC)
9/28/24 21:00,12.27,ASOS - Asheville Regional Airport (NC)
9/28/24 22:00,12.27,ASOS - Asheville Regional Airport (NC)
9/28/24 23:00,12.27,ASOS - Asheville Regional Airport (NC)
9/29/24 0:00,12.27,ASOS - Asheville Regional Airport (NC)
9/23/24 0:00,0.00,ASOS - Tri-City Regional Airport (TN)
9/23/24 1:00,0.00,ASOS - Tri-City Regional Airport (TN)
9/23/24 2:00,0.00,ASOS - Tri-City Regional Airport (TN)
9/23/24 3:00,0.00,ASOS - Tri-City Regional Airport (TN)
9/23/24 4:00,0.00,ASOS - Tri-City Regional Airport (TN)
9/23/24 5:00,0.00,ASOS - Tri-City Regional Airport (TN)
9/23/24 6:00,0.00,ASOS - Tri-City Regional Airport (TN)
9/23/24 7:00,0.00,ASOS - Tri-City Regional Airport (TN)
9/23/24 8:00,0.00,ASOS - Tri-City Regional Airport (TN)
9/23/24 9:00,0.00,ASOS - Tri-City Regional Airport (TN)
9/23/24 10:00,0.00,ASOS - Tri-City Regional Airport (TN)
9/23/24 11:00,0.00,ASOS - Tri-City Regional Airport (TN)
9/23/24 12:00,0.00,ASOS - Tri-City Regional Airport (TN)
9/23/24 13:00,0.00,ASOS - Tri-City Regional Airport (TN)
9/23/24 14:00,0.00,ASOS - Tri-City Regional Airport (TN)
9/23/24 15:00,0.00,ASOS - Tri-City Regional Airport (TN)
9/23/24 16:00,0.00,ASOS - Tri-City Regional Airport (TN)
9/23/24 17:00,0.00,ASOS - Tri-City Regional Airport (TN)
9/23/24 18:00,0.00,ASOS - Tri-City Regional Airport (TN)
9/23/24 19:00,0.00,ASOS - Tri-City Regional Airport (TN)
9/23/24 20:00,0.00,ASOS - Tri-City Regional Airport (TN)
9/23/24 21:00,0.00,ASOS - Tri-City Regional Airport (TN)
9/23/24 22:00,0.00,ASOS - Tri-City Regional Airport (TN)
9/23/24 23:00,0.00,ASOS - Tri-City Regional Airport (TN)
9/24/24 0:00,0.00,ASOS - Tri-City Regional Airport (TN)
9/24/24 1:00,0.00,ASOS - Tri-City Regional Airport (TN)
9/24/24 2:00,0.00,ASOS - Tri-City Regional Airport (TN)
9/24/24 3:00,0.00,ASOS - Tri-City Regional Airport (TN)
9/24/24 4:00,0.42,ASOS - Tri-City Regional Airport (TN)
9/24/24 5:00,0.43,ASOS - Tri-City Regional Airport (TN)
9/24/24 6:00,0.43,ASOS - Tri-City Regional Airport (TN)
9/24/24 7:00,0.43,ASOS - Tri-City Regional Airport (TN)
9/24/24 8:00,0.43,ASOS - Tri-City Regional Airport (TN)
9/24/24 9:00,0.43,ASOS - Tri-City Regional Airport (TN)
9/24/24 10:00,0.43,ASOS - Tri-City Regional Airport (TN)
9/24/24 11:00,0.43,ASOS - Tri-City Regional Airport (TN)
9/24/24 12:00,0.43,ASOS - Tri-City Regional Airport (TN)
9/24/24 13:00,0.43,ASOS - Tri-City Regional Airport (TN)
9/24/24 14:00,0.43,ASOS - Tri-City Regional Airport (TN)
9/24/24 15:00,0.43,ASOS - Tri-City Regional Airport (TN)
9/24/24 16:00,0.43,ASOS - Tri-City Regional Airport (TN)
9/24/24 17:00,0.45,ASOS - Tri-City Regional Airport (TN)
9/24/24 18:00,0.45,ASOS - Tri-City Regional Airport (TN)
9/24/24 19:00,0.45,ASOS - Tri-City Regional Airport (TN)
9/24/24 20:00,0.45,ASOS - Tri-City Regional Airport (TN)
9/24/24 21:00,0.45,ASOS - Tri-City Regional Airport (TN)
9/24/24 22:00,0.45,ASOS - Tri-City Regional Airport (TN)
9/24/24 23:00,0.45,ASOS - Tri-City Regional Airport (TN)
9/25/24 0:00,0.45,ASOS - Tri-City Regional Airport (TN)
9/25/24 1:00,0.45,ASOS - Tri-City Regional Airport (TN)
9/25/24 2:00,0.45,ASOS - Tri-City Regional Airport (TN)
9/25/24 3:00,0.45,ASOS - Tri-City Regional Airport (TN)
9/25/24 4:00,0.45,ASOS - Tri-City Regional Airport (TN)
9/25/24 5:00,0.45,ASOS - Tri-City Regional Airport (TN)
9/25/24 6:00,0.76,ASOS - Tri-City Regional Airport (TN)
9/25/24 7:00,1.07,ASOS - Tri-City Regional Airport (TN)
9/25/24 8:00,1.09,ASOS - Tri-City Regional Airport (TN)
9/25/24 9:00,1.09,ASOS - Tri-City Regional Airport (TN)
9/25/24 10:00,1.13,ASOS - Tri-City Regional Airport (TN)
9/25/24 11:00,1.37,ASOS - Tri-City Regional Airport (TN)
9/25/24 12:00,1.37,ASOS - Tri-City Regional Airport (TN)
9/25/24 13:00,1.42,ASOS - Tri-City Regional Airport (TN)
9/25/24 14:00,1.67,ASOS - Tri-City Regional Airport (TN)
9/25/24 15:00,1.90,ASOS - Tri-City Regional Airport (TN)
9/25/24 16:00,1.97,ASOS - Tri-City Regional Airport (TN)
9/25/24 17:00,1.98,ASOS - Tri-City Regional Airport (TN)
9/25/24 18:00,2.37,ASOS - Tri-City Regional Airport (TN)
9/25/24 19:00,2.55,ASOS - Tri-City Regional Airport (TN)
9/25/24 20:00,2.60,ASOS - Tri-City Regional Airport (TN)
9/25/24 21:00,2.61,ASOS - Tri-City Regional Airport (TN)
9/25/24 22:00,2.67,ASOS - Tri-City Regional Airport (TN)
9/25/24 23:00,2.74,ASOS - Tri-City Regional Airport (TN)
9/26/24 0:00,2.76,ASOS - Tri-City Regional Airport (TN)
9/26/24 1:00,2.76,ASOS - Tri-City Regional Airport (TN)
9/26/24 2:00,2.76,ASOS - Tri-City Regional Airport (TN)
9/26/24 3:00,2.76,ASOS - Tri-City Regional Airport (TN)
9/26/24 4:00,2.76,ASOS - Tri-City Regional Airport (TN)
9/26/24 5:00,2.76,ASOS - Tri-City Regional Airport (TN)
9/26/24 6:00,2.76,ASOS - Tri-City Regional Airport (TN)
9/26/24 7:00,2.76,ASOS - Tri-City Regional Airport (TN)
9/26/24 8:00,2.76,ASOS - Tri-City Regional Airport (TN)
9/26/24 9:00,2.87,ASOS - Tri-City Regional Airport (TN)
9/26/24 10:00,3.04,ASOS - Tri-City Regional Airport (TN)
9/26/24 11:00,30.80,ASOS - Tri-City Regional Airport (TN)
9/26/24 12:00,3.29,ASOS - Tri-City Regional Airport (TN)
9/26/24 13:00,3.52,ASOS - Tri-City Regional Airport (TN)
9/26/24 14:00,3.66,ASOS - Tri-City Regional Airport (TN)
9/26/24 15:00,3.73,ASOS - Tri-City Regional Airport (TN)
9/26/24 16:00,3.86,ASOS - Tri-City Regional Airport (TN)
9/26/24 17:00,4.00,ASOS - Tri-City Regional Airport (TN)
9/26/24 18:00,4.07,ASOS - Tri-City Regional Airport (TN)
9/26/24 19:00,4.11,ASOS - Tri-City Regional Airport (TN)
9/26/24 20:00,4.13,ASOS - Tri-City Regional Airport (TN)
9/26/24 21:00,4.16,ASOS - Tri-City Regional Airport (TN)
9/26/24 22:00,4.18,ASOS - Tri-City Regional Airport (TN)
9/26/24 23:00,4.21,ASOS - Tri-City Regional Airport (TN)
9/27/24 0:00,4.23,ASOS - Tri-City Regional Airport (TN)
9/27/24 1:00,4.23,ASOS - Tri-City Regional Airport (TN)
9/27/24 2:00,4.31,ASOS - Tri-City Regional Airport (TN)
9/27/24 3:00,4.51,ASOS - Tri-City Regional Airport (TN)
9/27/24 4:00,4.66,ASOS - Tri-City Regional Airport (TN)
9/27/24 5:00,4.70,ASOS - Tri-City Regional Airport (TN)
9/27/24 6:00,4.75,ASOS - Tri-City Regional Airport (TN)
9/27/24 7:00,4.81,ASOS - Tri-City Regional Airport (TN)
9/27/24 8:00,4.90,ASOS - Tri-City Regional Airport (TN)
9/27/24 9:00,4.93,ASOS - Tri-City Regional Airport (TN)
9/27/24 10:00,5.00,ASOS - Tri-City Regional Airport (TN)
9/27/24 11:00,5.04,ASOS - Tri-City Regional Airport (TN)
9/27/24 12:00,5.04,ASOS - Tri-City Regional Airport (TN)
9/27/24 13:00,5.06,ASOS - Tri-City Regional Airport (TN)
9/27/24 14:00,5.08,ASOS - Tri-City Regional Airport (TN)
9/27/24 15:00,5.19,ASOS - Tri-City Regional Airport (TN)
9/27/24 16:00,5.24,ASOS - Tri-City Regional Airport (TN)
9/27/24 17:00,5.31,ASOS - Tri-City Regional Airport (TN)
9/27/24 18:00,5.31,ASOS - Tri-City Regional Airport (TN)
9/27/24 19:00,5.31,ASOS - Tri-City Regional Airport (TN)
9/27/24 20:00,5.31,ASOS - Tri-City Regional Airport (TN)
9/27/24 21:00,5.31,ASOS - Tri-City Regional Airport (TN)
9/27/24 22:00,5.31,ASOS - Tri-City Regional Airport (TN)
9/27/24 23:00,5.31,ASOS - Tri-City Regional Airport (TN)
9/28/24 0:00,5.31,ASOS - Tri-City Regional Airport (TN)
9/28/24 1:00,5.31,ASOS - Tri-City Regional Airport (TN)
9/28/24 2:00,5.31,ASOS - Tri-City Regional Airport (TN)
9/28/24 3:00,5.31,ASOS - Tri-City Regional Airport (TN)
9/28/24 4:00,5.31,ASOS - Tri-City Regional Airport (TN)
9/28/24 5:00,5.31,ASOS - Tri-City Regional Airport (TN)
9/28/24 6:00,5.31,ASOS - Tri-City Regional Airport (TN)
9/28/24 7:00,5.31,ASOS - Tri-City Regional Airport (TN)
9/28/24 8:00,5.31,ASOS - Tri-City Regional Airport (TN)
9/28/24 9:00,5.31,ASOS - Tri-City Regional Airport (TN)
9/28/24 10:00,5.31,ASOS - Tri-City Regional Airport (TN)
9/28/24 11:00,5.31,ASOS - Tri-City Regional Airport (TN)
9/28/24 12:00,5.31,ASOS - Tri-City Regional Airport (TN)
9/28/24 13:00,5.31,ASOS - Tri-City Regional Airport (TN)
9/28/24 14:00,5.31,ASOS - Tri-City Regional Airport (TN)
9/28/24 15:00,5.31,ASOS - Tri-City Regional Airport (TN)
9/28/24 16:00,5.31,ASOS - Tri-City Regional Airport (TN)
9/28/24 17:00,5.32,ASOS - Tri-City Regional Airport (TN)
9/28/24 18:00,5.33,ASOS - Tri-City Regional Airport (TN)
9/28/24 19:00,5.35,ASOS - Tri-City Regional Airport (TN)
9/28/24 20:00,5.35,ASOS - Tri-City Regional Airport (TN)
9/28/24 21:00,5.35,ASOS - Tri-City Regional Airport (TN)
9/28/24 22:00,5.35,ASOS - Tri-City Regional Airport (TN)
9/28/24 23:00,5.35,ASOS - Tri-City Regional Airport (TN)
9/29/24 0:00,5.35,ASOS - Tri-City Regional Airport (TN)